Family,Month,Count,Sum (BTC),Sum (USD),Used Addresses,Known Addresses
7ev3n,2016-04,1,0.001112,0.51,1,1
7ev3n,2017-11,1,0.000049,0.49,1,1
AES-NI,2014-06,11,0.004065,2.40,1,1
AES-NI,2014-07,3,0.006408,4.05,1,1
AES-NI,2016-04,26,0.348810,150.57,1,1
AES-NI,2016-05,14,0.265000,122.74,1,1
AES-NI,2016-06,20,0.360052,233.66,1,1
AES-NI,2016-07,15,0.572466,380.01,1,1
AES-NI,2016-08,48,9.768940,5647.34,1,1
AES-NI,2016-09,47,4.612474,2761.87,1,1
AES-NI,2016-10,41,4.232481,2693.03,1,1
AES-NI,2016-11,33,6.415705,4582.63,1,1
AES-NI,2016-12,24,10.196215,8470.78,1,1
AES-NI,2017-01,16,4.837646,4467.46,1,1
AES-NI,2017-02,25,7.570798,8077.39,1,1
AES-NI,2017-03,36,9.828720,10681.37,1,1
AES-NI,2017-04,41,17.919306,21592.51,1,1
AES-NI,2017-05,26,8.861257,15820.13,1,1
AES-NI,2017-06,14,3.117767,8538.61,1,1
AES-NI,2017-07,13,3.127483,8545.16,1,1
AES-NI,2017-08,1,0.003769,16.52,1,1
AES-NI,2017-09,2,0.009016,32.74,1,1
AES-NI,2017-10,2,0.002702,15.28,1,1
AES-NI,2017-11,7,0.060451,553.73,1,1
AES-NI,2017-12,4,0.009957,145.69,1,1
AES-NI,2018-01,2,0.002873,32.97,1,1
AES-NI,2018-02,6,0.220193,1983.40,1,1
AES-NI,2018-03,6,0.211729,1664.84,1,1
AES-NI,2018-04,2,0.030126,250.90,1,1
AES-NI,2018-05,8,0.317355,2579.83,1,1
AES-NI,2018-06,8,0.388970,2516.68,1,1
AES-NI,2018-07,5,0.216146,1406.33,1,1
AES-NI,2018-08,3,0.036049,227.42,1,1
AES-NI,2018-09,7,0.245307,1605.28,1,1
AES-NI,2018-10,3,0.523972,3431.81,1,1
AES-NI,2018-11,4,0.326055,1428.98,1,1
AES-NI,2018-12,2,0.111511,461.00,1,1
AES-NI,2019-01,12,1.160718,4322.93,1,1
AES-NI,2019-02,3,0.214704,788.79,1,1
AES-NI,2019-03,8,0.505066,1978.95,1,1
AES-NI,2019-04,6,0.473415,2491.24,1,1
AES-NI,2019-05,14,0.824522,5747.89,1,1
AES-NI,2019-06,2,0.128500,1184.92,1,1
AES-NI,2019-07,6,0.163004,1747.82,1,1
AES-NI,2019-08,4,0.248852,2690.46,1,1
AES-NI,2019-09,1,0.031299,305.41,1,1
AES-NI,2019-10,8,0.270223,2280.20,1,1
AES-NI,2019-11,2,0.174000,1413.96,1,1
AES-NI,2019-12,10,0.708046,5126.90,1,1
AES-NI,2020-01,6,0.355140,2814.62,1,1
AES-NI,2020-02,11,0.546765,5174.40,1,1
AES-NI,2020-03,7,0.582050,3676.67,1,1
AES-NI,2020-04,7,0.542433,3887.16,1,1
AES-NI,2020-05,7,0.592000,5520.49,1,1
AES-NI,2020-06,5,0.195150,1873.66,1,1
AES-NI,2020-07,9,0.352908,3254.36,1,1
AES-NI,2020-08,4,0.316000,3644.78,1,1
AES-NI,2020-09,1,0.076500,783.54,1,1
AES-NI,2020-10,2,0.030335,335.64,1,1
AES-NI,2020-11,2,0.110000,1825.88,1,1
AES-NI,2020-12,3,0.123000,2473.46,1,1
AES-NI,2021-01,8,0.128481,4214.68,1,1
AES-NI,2021-02,3,0.018665,912.71,1,1
AES-NI,2021-03,10,0.133201,7300.21,1,1
AES-NI,2021-04,8,0.111154,6427.45,1,1
AES-NI,2021-05,4,0.020060,1150.38,1,1
Akira,2023-07,1,2.414070,75985.39,1,1
Akira,2023-08,2,3.954758,109655.12,1,2
Akira,2023-09,3,42.251627,1096850.51,2,4
Akira,2023-11,2,2.986000,106115.39,1,5
Ako,2020-01,6,1.630767,14110.00,1,1
Ako,2020-02,6,2.037084,19332.00,1,1
AlbDecryptor,2020-04,1,0.006680,49.63,1,1
AlbDecryptor,2020-11,11,0.187324,2941.10,1,1
AlbDecryptor,2020-12,4,0.007550,193.97,1,1
AlbDecryptor,2021-01,4,0.003396,116.51,1,1
AlbDecryptor,2021-02,1,0.000104,4.82,1,1
AlbDecryptor,2021-03,4,0.000604,33.30,1,1
AlbDecryptor,2021-04,3,0.042704,2604.64,1,1
AlbDecryptor,2021-06,1,0.005360,215.57,1,1
APT,2016-09,5,2.026210,1229.22,1,1
APT,2016-10,4,10.579791,6456.95,1,1
APT,2016-12,2,0.239945,187.51,1,1
Avaddon,2021-05,1,0.024100,1184.53,1,1
AvosLocker,2021-09,3,3.395608,157527.10,1,1
Bagli,2021-04,1,0.001700,99.02,1,1
Bagli,2021-06,1,0.000029,1.00,1,1
Bitpaymer / DoppelPaymer,2020-08,2,90.000371,1088792.44,1,1
Black Basta,2022-10,2,15.613649,299117.62,1,1
Black Basta,2022-12,2,29.590000,509938.51,1,2
BlackCat,2024-03,8,1401.695345,88286897.03,1,1
Black Kingdom,2020-03,1,0.550350,5020.59,1,1
Black Kingdom,2021-03,1,0.173000,10009.59,1,2
Black Mamba,2017-06,1,0.039900,103.33,1,1
BlackMatter,2021-07,2,96.386312,4070928.60,1,1
BlackRouter,2018-12,1,0.001050,3.93,1,1
BlackRouter,2019-05,1,0.001235,10.77,1,1
Black Ruby,2018-02,11,0.525219,4370.90,1,1
Bucbi,2016-04,1,0.008960,3.77,1,1
Chimera,2015-11,2,0.000500,0.19,1,1
ChupaCabra,2021-05,15,0.094973,3614.16,1,1
ChupaCabra,2021-06,7,0.021393,765.32,1,1
ChupaCabra,2021-07,3,0.025091,846.22,1,1
ChupaCabra,2021-08,4,0.005191,210.89,1,1
ChupaCabra,2021-09,2,0.023544,1064.22,1,1
ComradeCircle,2016-10,1,2.033200,1297.10,1,1
Conti,2017-12,1,0.166500,1940.92,1,1
Conti,2018-12,1,70.000000,227698.74,1,2
Conti,2019-05,2,48.000000,365195.26,1,3
Conti,2019-06,1,42.000869,495228.76,1,4
Conti,2019-08,2,120.000181,1247962.16,1,5
Conti,2019-09,7,136.101171,1184648.77,3,8
Conti,2019-10,11,936.004223,7735544.22,8,16
Conti,2019-11,6,533.003014,4429193.32,5,20
Conti,2019-12,9,675.602127,4896679.53,6,26
Conti,2020-01,12,699.005857,6000210.66,9,35
Conti,2020-03,7,1732.203892,13805769.23,7,42
Conti,2020-04,1,335.001000,2275871.01,1,43
Conti,2020-05,1,10.000000,94610.59,1,44
Conti,2020-07,2,61.733541,596496.33,2,46
Conti,2020-08,1,25.000771,287217.94,1,47
Conti,2020-09,11,2507.762469,26820117.71,11,58
Conti,2020-10,10,496.219392,6211939.12,8,66
Conti,2020-12,6,75.361444,1471169.92,3,68
Conti,2021-01,5,70.579286,2426876.72,5,73
Conti,2021-02,2,52.517997,2438465.47,2,75
Conti,2021-03,4,102.182856,5656864.92,2,77
Conti,2021-04,1,2.936724,170894.92,1,78
Conti,2021-05,9,88.319526,4433223.28,8,86
Conti,2021-06,10,50.775652,1850320.39,6,91
Conti,2021-07,1,36.068263,1195873.83,1,92
Conti,2021-08,6,53.137965,2465329.79,5,96
Conti,2021-09,1,4.637973,203100.98,1,97
Conti,2021-10,1,10.435000,598980.45,1,98
Conti,2021-12,1,19.538199,1118167.76,1,99
Conti,2022-06,1,41.326165,855889.57,1,100
CryptConsole,2016-04,1,0.013363,6.00,1,1
CryptConsole,2016-05,2,0.012293,5.52,1,1
CryptConsole,2017-01,8,1.750159,1654.49,2,2
CryptConsole,2017-02,2,1.003000,1028.15,2,3
CryptConsole,2017-03,4,0.902901,1136.13,2,5
CryptConsole,2017-09,1,0.131900,416.14,1,6
Cryptohitman,2016-04,1,0.102947,45.78,1,1
Cryptohitman,2016-05,3,0.003988,1.78,1,1
Cryptohitman,2018-12,1,0.006615,22.99,1,1
Cryptohitman,2019-09,1,0.010449,101.66,1,1
CryptoHost,2016-06,1,0.002000,1.35,1,1
CryptoLocker,2013-09,29,54.908300,7231.42,1,1
CryptoLocker,2013-10,24,45.952400,6056.82,1,2
CryptoLocker,2014-08,1,0.000100,0.06,1,2
CryptoTorLocker2015,2014-09,78,1.348008,548.05,2,2
CryptoTorLocker2015,2014-10,119,0.776064,278.55,2,2
CryptoTorLocker2015,2014-11,8,0.071377,27.83,2,3
CryptoTorLocker2015,2014-12,26,0.091940,33.36,2,3
CryptoTorLocker2015,2015-01,118,13.001351,2894.75,6,7
CryptoTorLocker2015,2015-02,41,1.072084,241.42,5,7
CryptoTorLocker2015,2015-06,4,0.000494,0.12,2,7
CryptoTorLocker2015,2015-07,56,0.416858,122.13,3,7
CryptoTorLocker2015,2015-08,2,0.000300,0.08,1,7
CryptoTorLocker2015,2016-08,1,0.000140,0.08,1,7
Cryptowall,2016-04,1,0.022088,9.90,1,1
Cryptowall,2016-06,2,0.407970,265.67,1,1
CryptXXX,2016-06,81,94.858154,60585.36,1,1
CryptXXX,2016-08,1,0.000010,0.01,1,1
CTB-Locker,2016-03,1,0.000100,0.04,1,1
CTB-Locker,2016-04,1,0.000100,0.04,1,1
Cuba,2020-02,1,26.000971,228405.37,1,1
Cuba,2020-03,1,67.871000,457097.86,1,2
Cuba,2020-04,1,112.500000,798320.76,1,3
Cuba,2020-05,2,141.271500,1317507.99,2,5
Cuba,2020-06,1,117.760000,1162302.36,1,6
Cuba,2020-07,1,51.320000,496629.45,1,7
Cuba,2020-10,1,318.119363,4309411.09,1,8
Cuba,2020-12,1,37.793444,692419.15,1,9
Cuba,2021-04,2,388.192724,21475933.07,2,11
Cuba,2021-09,1,37.235489,1590573.25,1,12
Cuba,2021-10,2,73.517522,4228642.10,2,14
Cuba,2021-11,1,50.040000,3252361.33,1,15
Cuba,2022-04,2,254.261225,9977495.53,1,16
Cuba,2022-06,1,342.155921,10163533.13,1,17
darkangels,2022-05,2,38.140123,1514100.77,1,1
DarkSide,2021-02,1,5.208567,249725.07,1,1
DarkSide,2021-05,3,153.500000,8861592.38,2,3
DeadBolt,2022-01,13,0.183328,6882.39,6,6
DeadBolt,2022-02,5,0.060211,2436.17,2,8
DeadBolt,2022-03,2,0.030055,1337.45,1,9
DeadBolt,2022-04,1,0.030000,1296.20,1,9
Decryptiomega,2019-08,1,0.050000,597.10,1,1
DecryptIomega,2019-07,1,0.010000,106.66,1,1
DMALocker,2015-12,1,0.600000,253.37,1,1
DMALocker,2016-01,1,0.551210,238.72,1,1
DMALockerv3,2016-09,4,40.000000,24442.66,1,1
DMALockerv3,2016-10,17,129.015469,83055.43,2,2
DMALockerv3,2016-11,24,139.994131,101775.06,3,3
DMALockerv3,2016-12,27,198.999849,162331.13,2,3
DMALockerv3,2017-01,27,263.002584,239002.64,5,6
DMALockerv3,2017-02,9,70.070437,77273.10,1,6
DMALockerv3,2017-03,24,170.015204,182186.09,5,6
DMALockerv3,2017-04,11,47.000017,56961.65,4,7
DMALockerv3,2017-05,7,52.023082,84926.21,3,7
DMALockerv3,2017-06,1,3.000000,7442.52,1,8
DMALockerv3,2017-07,2,6.000000,14476.05,1,8
DMALockerv3,2017-08,3,7.500000,26237.31,2,9
DMALockerv3,2017-09,2,3.993240,15085.49,1,9
Ecovector,2016-05,1,2.000000,886.38,1,1
EDA2,2014-10,1,0.100000,38.36,1,1
EDA2,2016-03,5,1.510264,629.49,1,2
Egregor,2020-10,2,69.241323,899907.04,2,2
Egregor,2020-11,6,123.497069,2127006.78,6,8
Egregor,2020-12,1,5.217000,100122.74,1,9
Encrpt3d,2019-12,1,0.000067,0.49,1,1
Encrpt3d,2020-03,1,0.110618,1009.12,1,1
Encrpt3d,2021-06,1,0.000029,1.00,1,1
Exotic,2016-10,1,0.006383,4.40,1,1
File-Locker,2012-03,1,0.004076,0.02,1,1
File-Locker,2012-08,1,0.000500,0.01,1,1
File-Locker,2012-10,1,0.000500,0.01,1,1
File-Locker,2012-12,1,0.010000,0.13,1,1
File-Locker,2013-06,1,0.001000,0.10,1,1
File-Locker,2014-03,1,0.005000,2.80,1,1
File-Locker,2014-09,1,0.000010,0.00,1,1
File-Locker,2014-12,1,0.008900,2.95,1,1
File-Locker,2016-08,2,0.001514,0.88,1,1
File-Locker,2016-10,1,0.000400,0.26,1,1
File-Locker,2016-12,1,0.001074,0.90,1,1
File-Locker,2017-01,1,0.001000,0.91,1,1
File-Locker,2017-02,44,0.218384,256.16,1,1
File-Locker,2017-03,234,1.926267,2410.72,1,1
File-Locker,2017-04,2,0.002268,2.72,1,1
File-Locker,2017-05,4,0.091088,137.02,1,1
File-Locker,2017-06,6,0.003695,10.42,1,1
File-Locker,2017-07,5,0.006023,16.30,1,1
File-Locker,2017-08,3,0.000371,1.49,1,1
File-Locker,2017-09,1,0.152320,598.02,1,1
File-Locker,2017-10,1,0.000238,1.01,1,1
File-Locker,2017-11,13,0.154188,1538.02,1,1
File-Locker,2017-12,1,0.003847,63.96,1,1
File-Locker,2018-01,3,0.000388,5.05,1,1
File-Locker,2018-02,2,0.000017,0.17,1,1
File-Locker,2018-03,1,0.000021,0.19,1,1
File-Locker,2018-04,1,0.000100,0.88,1,1
File-Locker,2018-05,1,0.000100,0.84,1,1
File-Locker,2018-06,3,0.009541,56.40,1,1
File-Locker,2018-07,1,0.000045,0.31,1,1
File-Locker,2018-08,2,0.000060,0.46,1,1
File-Locker,2018-10,1,0.000100,0.63,1,1
File-Locker,2018-12,5,0.005000,18.68,1,1
File-Locker,2019-01,1,0.000956,3.54,1,1
File-Locker,2019-02,2,0.001223,4.89,1,1
File-Locker,2019-03,1,0.000148,0.57,1,1
File-Locker,2019-04,1,0.000010,0.05,1,1
File-Locker,2019-05,5,0.013129,104.83,1,1
File-Locker,2019-06,3,0.008530,73.25,1,1
File-Locker,2019-07,2,0.004259,50.33,1,1
File-Locker,2019-09,2,0.000194,2.00,1,1
File-Locker,2019-10,2,0.001964,15.91,1,1
File-Locker,2019-11,2,0.000481,3.60,1,1
File-Locker,2019-12,2,0.000271,2.05,1,1
File-Locker,2020-01,3,0.002628,24.26,1,1
File-Locker,2020-02,1,0.000223,2.20,1,1
File-Locker,2020-03,1,0.010169,89.37,1,1
File-Locker,2020-04,3,0.002391,17.42,1,1
File-Locker,2020-05,1,0.000096,0.88,1,1
File-Locker,2020-06,3,0.001870,17.48,1,1
File-Locker,2020-08,2,0.009659,113.82,1,1
File-Locker,2020-09,1,0.000134,1.37,1,1
File-Locker,2020-10,3,0.000085,1.10,1,1
File-Locker,2020-11,29,0.059526,1086.23,1,1
File-Locker,2020-12,8,0.069817,1275.30,1,1
File-Locker,2021-01,9,0.001645,54.03,1,1
File-Locker,2021-02,1,0.001365,50.42,1,1
File-Locker,2021-04,2,0.002528,153.37,1,1
File-Locker,2021-06,1,0.000091,3.49,1,1
File-Locker,2021-07,4,0.004701,149.80,1,1
Flyper,2016-10,1,0.000054,0.03,1,1
Flyper,2016-12,1,0.338274,311.88,1,2
Flyper,2018-05,1,1.099500,10026.35,1,2
Flyper,2018-06,1,0.149500,1006.10,1,2
Flyper,2018-07,1,0.020000,133.47,1,2
Git,2019-05,2,0.000536,3.11,1,1
Git,2020-02,1,0.000213,2.06,1,1
Globe,2016-06,19,0.219736,141.11,1,1
Globe,2016-07,9,0.151047,97.67,1,1
Globe,2016-08,25,0.356910,207.19,1,1
Globe,2016-09,18,0.426887,258.80,1,1
Globe,2016-10,18,4.739951,3036.95,2,2
Globe,2016-11,21,10.206536,7412.49,2,3
Globe,2016-12,12,8.225235,6352.33,2,3
Globe,2017-01,5,3.487155,3549.98,1,3
GlobeImposter,2014-11,3,5.447122,2004.34,1,1
GlobeImposter,2015-05,1,67.000000,15906.34,1,1
GlobeImposter,2015-06,7,118.976270,26796.59,1,1
GlobeImposter,2015-07,4,112.998000,33410.34,1,1
GlobeImposter,2015-08,3,66.993000,17435.91,1,1
GlobeImposter,2015-09,12,90.678000,21206.13,1,1
GlobeImposter,2015-10,6,8.649235,2246.44,1,1
GlobeImposter,2015-11,13,18.102727,6515.22,1,1
GlobeImposter,2015-12,1,0.333144,131.77,1,1
GlobeImposter,2016-01,2,3.499000,1412.76,1,1
GlobeImposter,2016-02,6,3.743147,1573.89,1,1
GlobeImposter,2017-01,1,0.001853,1.70,1,1
GlobeImposter,2017-02,25,87.149533,100623.86,1,1
GlobeImposter,2017-03,10,6.306676,6417.29,1,1
GlobeImposter,2017-05,2,1.000441,1739.51,1,1
GlobeImposter,2017-06,2,1.796000,4516.52,1,1
GlobeImposter,2017-07,3,0.685824,1750.78,1,1
GlobeImposter,2017-12,3,1.059554,16828.55,1,1
Globev3,2016-09,4,2.944118,1781.50,1,1
Globev3,2016-10,7,7.599900,4949.03,1,1
Globev3,2016-11,8,9.434773,6860.44,1,1
Globev3,2016-12,5,5.900000,4682.42,1,1
Globev3,2017-01,3,1.600000,1381.99,2,3
Globev3,2017-02,6,5.230000,5710.72,2,3
Globev3,2017-03,5,5.758406,6722.14,4,4
Globev3,2017-04,3,1.575153,1898.02,3,5
Globev3,2018-02,2,0.204000,2308.16,1,5
Gula,2018-09,2,0.006710,43.97,1,1
Gula,2018-10,7,0.032114,204.91,1,1
Gula,2018-11,2,0.003700,20.55,1,1
HC6/HC7,2017-07,1,0.016000,43.62,1,1
HC6/HC7,2017-08,4,0.152160,586.50,4,5
HC6/HC7,2017-11,1,0.152419,1496.51,1,6
HelloKitty,2021-07,2,32.352941,1072689.19,1,1
Hive,2022-11,2,35.040000,584730.62,1,1
Jigsaw,2017-03,1,0.320000,399.88,1,1
JigSaw,2016-03,4,0.150614,62.74,1,1
JigSaw,2016-04,5,0.232576,104.03,2,2
JigSaw,2016-05,1,0.442500,196.11,1,3
JigSaw,2016-06,1,0.002000,1.35,1,4
JigSaw,2016-07,1,1.512381,1008.04,1,4
JigSaw,2016-08,1,0.002000,1.18,1,5
JigSaw,2016-11,1,0.330000,245.59,1,5
JigSaw,2016-12,3,0.600000,463.60,1,5
Karakurt,2021-09,2,8.163299,396508.57,1,1
Karakurt,2021-10,1,0.572521,36791.37,1,2
Karakurt,2021-11,5,9.222748,543800.19,2,4
Karakurt,2021-12,4,9.321231,445819.10,3,6
Karakurt,2022-01,8,64.051264,2597832.47,8,14
Karakurt,2022-02,4,19.017171,761818.95,4,18
Karakurt,2022-03,1,6.345893,250031.91,1,19
Karakurt,2022-09,2,0.000400,8.10,2,19
Kelly,2020-09,1,0.050000,512.12,1,1
LamdaLocker,2017-01,4,1.999853,1708.44,1,1
LamdaLocker,2017-02,4,2.299600,2361.10,1,1
LamdaLocker,2017-03,1,0.517622,538.31,1,1
LamdaLocker,2017-04,2,0.967533,1171.92,1,1
LamdaLocker,2017-05,1,0.759029,1332.37,1,1
LamdaLocker,2017-07,1,0.125595,361.13,1,1
LockBit,2020-12,9,3.165593,60109.88,1,1
LockBit,2022-02,1,2.875900,119180.64,1,2
LockBit,2022-09,1,53.106744,1024446.32,1,3
LockBit 2.0,2021-06,3,0.102540,3641.69,1,1
LockBit 2.0,2021-07,4,0.320520,12775.26,1,1
LockBit 2.0,2021-09,1,0.479500,19512.62,1,2
LockOn,2017-08,1,0.005000,21.76,1,1
Locky,2016-01,2,0.011000,4.73,1,1
Locky,2016-02,1257,7025.395160,3065445.00,784,785
Locky,2016-03,3864,13433.476278,5602466.18,2606,3384
Locky,2016-04,1018,1693.228357,728312.40,716,4094
Locky,2016-05,841,1397.465504,645048.01,586,4680
Locky,2016-06,300,594.704691,365372.44,220,4898
Locky,2016-07,815,1412.981242,936527.19,537,5434
Locky,2016-08,806,1560.522335,905363.78,568,6000
Locky,2016-09,1012,1973.749469,1192647.27,702,6699
Locky,2016-10,494,940.903955,583389.72,344,7036
Locky,2017-01,1,0.000100,0.10,1,7036
Locky,2017-04,1,0.105677,139.12,1,7036
Makop,2021-05,7,0.374896,14230.53,1,1
Makop,2021-06,62,4.261135,152663.20,1,1
Makop,2021-07,35,2.030946,68341.35,1,1
Makop,2021-08,10,0.541402,22416.12,1,1
Mallox,2023-04,1,0.687462,20262.10,1,1
Maui,2018-09,2,10.000000,65127.10,1,1
Maui,2018-10,35,4.373770,28420.42,1,2
Maui,2018-11,99,19.756425,92503.96,1,2
Maui,2018-12,127,33.380213,127572.51,1,2
Maui,2019-01,164,52.657947,192069.94,1,2
Maui,2019-02,72,75.950791,264075.15,1,2
Maui,2019-03,93,34.313791,139388.51,1,2
Maui,2019-04,227,95.645479,490927.44,1,2
Maui,2019-05,215,54.100638,426031.42,1,2
Maui,2019-06,12,0.856484,7333.26,1,2
Maui,2019-07,107,47.776304,470882.18,1,2
Maui,2019-08,304,159.695800,1694202.12,1,2
Maui,2019-09,301,145.595704,1403549.10,1,2
Maui,2019-10,215,203.038220,1670821.69,1,2
Maui,2019-11,60,20.999603,158599.30,1,2
Maui,2019-12,162,177.875590,1301149.99,1,2
Maui,2020-02,1,0.021229,205.71,1,2
Maui,2020-03,1,0.546132,3381.21,1,2
Maui,2020-04,7,0.089518,634.85,1,2
Maui,2020-06,3,0.002680,25.89,1,2
Maui,2021-05,6,1.899569,105390.10,3,5
Maui,2022-03,1,2.540000,119539.17,1,6
Maui,2022-05,1,0.512560,15200.27,1,7
Maui,2022-12,1,0.012000,202.10,1,7
MedusaLocker,2019-01,13,4.361304,16022.74,1,1
MedusaLocker,2019-02,12,9.967382,36900.76,1,1
MedusaLocker,2019-03,45,15.889932,62921.68,1,1
MedusaLocker,2019-04,51,22.806195,117879.20,1,1
MedusaLocker,2019-05,41,12.827682,100774.64,1,1
MedusaLocker,2019-06,45,9.795142,88664.07,1,1
MedusaLocker,2019-07,45,8.639786,93232.63,2,2
MedusaLocker,2019-08,30,14.079340,142621.32,2,2
MedusaLocker,2019-09,15,17.592727,177249.22,2,2
MedusaLocker,2019-10,16,7.773403,67378.89,1,2
MedusaLocker,2019-11,18,6.729086,55785.54,2,2
MedusaLocker,2019-12,14,6.472998,46939.15,3,3
MedusaLocker,2020-01,9,2.213496,19698.91,2,3
MedusaLocker,2020-02,13,5.009633,49656.81,2,3
MedusaLocker,2020-03,19,15.728216,100339.03,2,3
MedusaLocker,2020-04,14,11.476082,83636.69,3,4
MedusaLocker,2020-05,29,12.624577,114989.83,4,6
MedusaLocker,2020-06,21,12.982938,122233.22,4,7
MedusaLocker,2020-07,26,14.090106,135053.15,5,7
MedusaLocker,2020-08,19,20.835002,243125.46,6,8
MedusaLocker,2020-09,14,4.722513,49718.14,5,8
MedusaLocker,2020-10,16,13.078564,166877.01,7,9
MedusaLocker,2020-11,9,7.399803,131523.90,5,9
MedusaLocker,2020-12,12,9.893373,229287.47,4,10
MedusaLocker,2021-01,6,0.983358,34559.05,3,10
MedusaLocker,2021-02,14,2.303371,103700.54,3,10
MedusaLocker,2021-03,29,6.789594,377201.00,5,13
MedusaLocker,2021-04,39,8.238016,471860.92,4,16
MedusaLocker,2021-05,20,11.267568,489209.08,3,16
MedusaLocker,2021-06,22,9.036189,313841.11,3,17
MedusaLocker,2021-07,24,9.249293,311639.51,4,19
MedusaLocker,2021-08,26,2.499999,112563.12,3,19
MedusaLocker,2021-09,23,4.236777,188381.93,3,19
MedusaLocker,2021-10,16,2.359360,141146.92,2,19
MedusaLocker,2021-11,18,4.440865,264101.43,2,19
MedusaLocker,2021-12,5,0.474549,23614.07,1,19
MedusaLocker,2022-01,4,0.328626,13037.65,2,19
MedusaLocker,2022-03,2,1.061610,41548.87,1,20
MedusaLocker,2022-10,1,9.847720,190877.41,1,21
MountLocker,2020-11,2,298.500000,4218728.14,1,1
Netwalker (Mailto),2019-11,1,0.325217,2867.01,1,1
Netwalker (Mailto),2020-03,13,70.047270,413338.00,4,5
Netwalker (Mailto),2020-04,135,552.434014,4040562.37,16,16
Netwalker (Mailto),2020-05,112,483.646167,4418076.54,26,37
Netwalker (Mailto),2020-06,98,1232.231317,11750376.74,23,51
Netwalker (Mailto),2020-07,119,591.409984,5701773.45,21,66
Netwalker (Mailto),2020-08,22,82.993786,975676.52,8,66
Netwalker (Mailto),2020-09,4,10.906398,116265.92,2,66
Netwalker (Mailto),2020-10,2,5.500005,58682.76,2,66
Netwalker (Mailto),2020-11,1,0.000005,0.10,1,66
Netwalker (Mailto),2020-12,1,0.000005,0.14,1,66
Netwalker (Mailto),2021-01,1,0.000005,0.20,1,66
Netwalker (Mailto),2021-02,1,0.000005,0.28,1,66
Netwalker (Mailto),2021-03,2,0.000011,0.65,1,66
Netwalker (Mailto),2021-05,2,0.000011,0.49,1,66
NoobCrypt,2015-10,12,6.618147,1793.43,1,1
NoobCrypt,2015-11,4,1.498837,531.89,1,1
NoobCrypt,2016-06,4,0.825700,628.76,1,1
NoobCrypt,2016-07,10,0.996160,674.73,1,1
NotNevada,2022-10,1,1.083810,20793.61,1,1
NotNevada,2023-02,4,2.740747,64184.23,3,4
NotPetya,2017-06,52,4.500792,11481.49,2,2
NotPetya,2017-07,14,8.205919,21349.62,2,3
NotPetya,2017-08,5,0.095334,271.14,1,3
NotPetya,2017-09,2,0.000668,2.80,1,3
NotPetya,2017-10,4,0.024719,109.08,1,3
NotPetya,2017-11,3,0.018650,140.01,1,3
NotPetya,2017-12,1,0.000405,6.52,1,3
NotPetya,2018-01,5,0.012068,151.11,1,3
NotPetya,2018-02,1,0.000237,2.09,1,3
NotPetya,2018-05,1,0.001285,11.63,1,3
NotPetya,2018-07,1,0.000014,0.09,1,3
NotPetya,2018-09,1,0.000149,1.00,1,3
NotPetya,2018-10,1,0.000032,0.21,1,3
NotPetya,2018-11,1,0.000057,0.23,1,3
NotPetya,2018-12,1,0.000624,2.41,1,3
NotPetya,2019-04,3,0.000254,1.29,1,3
NotPetya,2019-05,1,0.000026,0.15,1,3
NotPetya,2019-09,1,0.000010,0.11,1,3
NotPetya,2019-10,6,0.028040,215.32,1,3
NotPetya,2019-11,1,0.019701,161.67,1,3
NotPetya,2019-12,2,0.009653,70.67,1,3
NotPetya,2020-02,3,0.023414,220.04,1,3
NotPetya,2020-04,1,0.000060,0.41,1,3
NotPetya,2020-06,1,0.008539,79.44,1,3
NotPetya,2020-09,1,0.004531,50.27,1,3
NotPetya,2020-10,1,0.000067,0.76,1,3
NotPetya,2021-01,1,0.001300,51.18,1,3
NotPetya,2021-02,2,0.000020,0.95,1,3
NotPetya,2021-03,1,0.000709,35.19,1,3
NotPetya,2021-04,1,0.000013,0.75,1,3
NotPetya,2021-05,1,0.000010,0.37,1,3
NotPetya,2021-06,1,0.000086,3.06,1,3
NotPetya,2021-08,2,0.000234,10.85,1,3
NullByte,2016-09,1,0.017200,10.29,1,1
Phobos,2021-07,2,0.184460,5498.26,1,1
Phoenix,2016-12,1,0.002568,2.01,1,1
PopCornTime,2016-12,5,0.002784,2.19,1,1
Predator,2018-05,1,0.000478,4.42,1,1
Predator,2018-06,24,0.146044,931.71,1,1
Predator,2018-07,21,0.044917,314.19,1,1
Predator,2018-08,4,0.002051,14.18,1,1
Predator,2018-09,8,0.358378,2253.14,1,1
Predator,2018-10,3,0.001938,12.79,1,1
Predator,2018-11,1,0.000040,0.17,1,1
Predator,2018-12,1,0.001534,5.25,1,1
Predator,2019-02,1,0.000010,0.04,1,1
Predator,2019-05,1,0.000100,0.58,1,1
Predator,2019-06,2,0.000360,3.91,1,1
Qlocker,2021-04,807,7.862109,410377.69,22,22
Qlocker,2021-05,108,1.190476,64981.71,22,22
Qlocker,2021-06,2,0.080000,2844.17,2,22
Quantum,2022-06,1,12.693078,395458.92,1,1
Qweuirtksd,2018-11,1,0.080000,522.41,1,1
RagnarLocker,2020-07,2,414.000652,4517993.99,1,1
RagnarLocker,2021-02,1,19.470000,899289.18,1,2
RagnarLocker,2021-03,4,25.500005,1481197.46,1,3
RagnarLocker,2021-05,2,69.400000,3980534.32,1,4
Ransomnix,2017-11,3,2.020709,16295.58,1,1
Ransomnix,2018-04,3,0.256447,1756.29,1,1
Ransomnix,2018-07,2,0.249885,1648.63,1,1
Ranzy Locker,2021-02,1,0.210000,9731.35,1,1
Razy,2013-10,420,29657.492725,3450120.39,1,1
Razy,2013-11,27,0.004472,1.80,1,1
Razy,2013-12,18,1.034725,730.51,1,1
Razy,2014-01,21,0.002183,1.91,1,1
Razy,2014-02,18,0.001940,1.28,1,1
Razy,2014-03,5,0.001160,0.75,1,1
Razy,2014-04,6,0.201137,105.99,1,1
Razy,2014-05,3,0.066895,32.21,1,1
Razy,2014-06,11,0.004258,2.57,1,1
Razy,2014-07,2,0.058194,37.52,1,1
Razy,2014-08,3,0.029922,17.22,1,1
Razy,2014-09,8,0.023016,10.84,1,1
Razy,2014-10,4,0.061856,22.17,1,1
Razy,2014-11,5,0.052455,20.22,1,1
Razy,2014-12,1,0.000060,0.02,1,1
Razy,2015-01,2,0.020011,4.68,1,1
Razy,2015-02,6,0.000746,0.19,1,1
Razy,2015-03,7,0.465187,128.00,1,1
Razy,2015-04,1,0.000100,0.03,1,1
Razy,2015-05,15,0.008883,2.10,1,1
Razy,2015-06,2,0.001563,0.38,1,1
Razy,2015-07,1,0.000193,0.06,1,1
Razy,2015-08,2,1.801188,501.77,1,1
Razy,2015-09,2,0.000570,0.13,1,1
Razy,2015-10,4,0.019663,4.96,1,1
Razy,2015-11,8,0.001450,0.51,1,1
Razy,2015-12,6,4.448910,2056.40,1,1
Razy,2016-01,1,0.000057,0.02,1,1
Razy,2016-02,2,0.063158,27.50,1,1
Razy,2016-03,5,0.040380,16.82,1,1
Razy,2016-04,7,0.036461,16.15,1,1
Razy,2016-05,4,0.005569,2.52,1,1
Razy,2016-06,10,0.013601,9.43,1,1
Razy,2016-07,8,0.007027,4.76,1,1
Razy,2016-08,344,9.129887,5267.70,1,1
Razy,2016-09,17,0.038829,23.94,1,1
Razy,2016-10,15,0.595310,391.35,1,1
Razy,2016-11,22,0.020272,14.65,1,1
Razy,2016-12,13,0.085273,77.17,1,1
Razy,2017-01,25,0.016300,15.31,1,1
Razy,2017-02,10,0.054940,57.70,1,1
Razy,2017-03,7,0.028977,34.79,1,1
Razy,2017-04,15,0.225113,274.60,1,1
Razy,2017-05,7,0.008364,17.33,1,1
Razy,2017-06,6,0.001957,5.04,1,1
Razy,2017-07,15,0.022385,56.00,1,1
Razy,2017-08,12,0.338092,1163.21,1,1
Razy,2017-09,17,0.174509,647.57,1,1
Razy,2017-10,17,0.015985,90.73,1,1
Razy,2017-11,16,0.090592,767.59,1,1
Razy,2017-12,7,0.013303,229.40,1,1
Razy,2018-01,7,0.002990,37.29,1,1
Razy,2018-02,15,0.043372,419.03,1,1
Razy,2018-03,9,0.111823,1194.94,1,1
Razy,2018-04,16,0.091097,646.39,1,1
Razy,2018-05,14,1.187498,10352.86,1,1
Razy,2018-06,15,0.017110,119.63,1,1
Razy,2018-07,18,0.030050,210.36,1,1
Razy,2018-08,22,0.018384,123.03,1,1
Razy,2018-09,22,0.030388,198.48,1,1
Razy,2018-10,15,0.035119,228.94,1,1
Razy,2018-11,25,0.046892,261.83,1,1
Razy,2018-12,17,0.151247,579.35,1,1
Razy,2019-01,30,0.016690,59.57,1,1
Razy,2019-02,31,0.159741,583.15,1,1
Razy,2019-03,14,0.007182,28.17,1,1
Razy,2019-04,18,0.050920,269.94,1,1
Razy,2019-05,21,0.016491,102.92,1,1
Razy,2019-06,31,0.038403,342.68,1,1
Razy,2019-07,13,0.164982,1601.78,1,1
Razy,2019-08,7,0.003292,36.03,1,1
Razy,2019-09,33,0.021041,214.89,1,1
Razy,2019-10,13,0.034885,304.70,1,1
Razy,2019-11,13,0.016042,139.30,1,1
Razy,2019-12,19,0.081873,596.10,1,1
Razy,2020-01,19,0.020266,157.79,1,1
Razy,2020-02,9,0.028236,254.79,1,1
Razy,2020-03,15,0.036201,275.88,1,1
Razy,2020-04,3,0.108352,842.10,1,1
Razy,2020-05,4,0.002140,20.37,1,1
Razy,2020-06,4,0.023529,223.33,1,1
Razy,2020-07,8,0.008657,86.43,1,1
Razy,2020-08,9,0.030350,353.88,1,1
Razy,2020-09,3,0.012027,131.48,1,1
Razy,2020-10,9,0.001241,14.86,1,1
Razy,2020-11,7,0.002951,47.62,1,1
Razy,2020-12,6,0.025518,499.03,1,1
Razy,2021-01,3,0.000311,11.46,1,1
Razy,2021-02,7,0.003781,187.80,1,1
Razy,2021-03,7,0.021773,1165.56,1,1
Razy,2021-04,4,0.000707,41.26,1,1
Razy,2021-05,5,0.010336,531.57,1,1
Razy,2021-06,8,0.035645,1277.00,1,1
Razy,2021-07,2,0.006925,287.86,1,1
Razy,2021-08,6,0.009375,428.78,1,1
Razy,2021-09,1,0.003838,172.27,1,1
REvil / Sodinokibi,2020-01,4,0.381522,3006.05,2,2
REvil / Sodinokibi,2021-04,1,6.006025,321653.33,1,3
REvil / Sodinokibi,2021-05,1,11.066000,434829.61,1,4
REvil / Sodinokibi,2021-06,3,309.965000,11376295.75,3,7
Ryuk,2018-08,4,65.410000,426137.94,2,2
Ryuk,2018-09,7,65.785258,424828.09,4,6
Ryuk,2018-10,10,148.036000,957182.08,6,12
Ryuk,2018-11,13,160.752322,823357.75,8,19
Ryuk,2018-12,16,255.824967,1028037.82,4,21
Ryuk,2019-01,2,9.299447,34348.62,2,23
Ryuk,2019-07,1,15.000955,151294.06,1,24
Ryuk,2019-09,1,75.001000,618896.68,1,24
Ryuk,2019-12,1,25.000993,179847.12,1,24
Sam,2016-09,2,29.000000,17578.81,1,1
SamSam,2016-01,17,13.001171,5506.92,2,2
SamSam,2016-02,9,81.504510,31524.41,2,4
SamSam,2016-03,3,3.420800,1420.49,1,5
SamSam,2016-06,3,38.000000,25586.81,1,6
SamSam,2016-09,3,28.999757,17476.35,1,7
SamSam,2016-11,5,66.000000,46780.70,2,9
SamSam,2016-12,10,101.800000,81555.27,6,15
SamSam,2017-01,5,57.728000,55610.31,2,17
SamSam,2017-02,2,29.700000,29499.86,1,18
SamSam,2017-03,4,46.000000,49069.66,2,20
SamSam,2017-06,4,35.050000,92618.14,3,23
Spora,2017-01,1,0.083416,84.53,1,1
Spora,2017-04,9,136.173804,161201.61,1,1
Spora,2017-07,1,0.149972,347.77,1,1
Spora,2017-08,2,0.245026,1068.80,1,1
Spora,2017-09,5,4.903669,20256.79,1,1
Spora,2017-10,4,4.763234,20362.90,1,1
Spora,2017-11,1,0.058300,416.52,1,1
StorageCrypter,2017-11,2,0.787942,7859.78,1,1
SunCrypt,2021-07,1,7.448428,229544.39,1,1
SynAck,2015-03,1,0.000264,0.06,1,1
SynAck,2015-04,4,0.001942,0.46,1,1
SynAck,2015-06,3,0.000776,0.19,1,1
SynAck,2015-07,1,0.000058,0.02,1,1
SynAck,2015-08,2,0.000143,0.04,1,1
SynAck,2015-10,3,0.000488,0.12,1,1
SynAck,2015-11,3,0.000475,0.17,1,1
SynAck,2015-12,1,0.000108,0.05,1,1
SynAck,2016-03,2,0.028850,12.03,1,1
SynAck,2016-05,20,0.184198,83.87,1,1
SynAck,2016-06,21,0.206082,120.89,1,1
SynAck,2016-07,29,1.450301,953.97,1,1
SynAck,2016-09,20,11.700036,7098.62,1,1
SynAck,2016-10,63,55.538038,36539.72,1,1
SynAck,2016-11,91,80.091109,58375.80,1,1
SynAck,2016-12,39,31.210630,24806.48,1,1
SynAck,2017-01,33,23.316809,22031.39,1,1
SynAck,2017-02,35,31.805137,34286.42,1,1
SynAck,2017-03,19,21.412955,23111.43,1,1
SynAck,2017-04,12,15.626729,18612.34,1,1
SynAck,2017-05,16,15.706749,24440.68,1,1
SynAck,2017-06,6,5.500565,14408.57,1,1
SynAck,2017-07,7,4.923436,12650.81,1,1
SynAck,2017-08,26,14.992353,63705.33,1,1
SynAck,2017-09,16,8.121918,35601.13,1,1
SynAck,2017-10,3,1.141826,5288.81,1,1
SynAck,2017-11,3,0.945829,6884.30,1,1
SynAck,2017-12,9,3.622568,55014.90,1,1
SynAck,2018-01,8,3.288539,47022.93,1,1
Tejodes,2019-05,1,0.387609,3095.98,1,1
Tejodes,2019-06,5,0.602971,5553.53,1,1
Tejodes,2019-07,10,3.746561,40376.05,1,1
Tejodes,2019-08,9,5.087676,53143.47,1,1
Tejodes,2019-10,1,0.957043,7984.87,1,1
TeslaCrypt,2015-03,1,0.000100,0.03,1,1
TowerWeb,2016-04,1,0.420000,191.14,1,1
TowerWeb,2016-06,2,0.287300,198.99,1,1
TripleM,2016-12,5,1.881744,1457.69,1,1
TripleM,2017-01,3,1.881326,1906.50,1,1
TripleM,2017-02,3,2.831065,2852.29,1,1
TripleM,2017-03,9,16.625309,17981.91,1,1
TripleM,2017-05,2,0.006262,11.52,1,1
TripleM,2017-11,1,1.500000,15350.40,1,1
TripleM,2017-12,4,3.912927,42946.72,1,1
TripleM,2019-01,2,0.002739,10.53,1,1
TripleM,2019-06,1,0.000118,1.10,1,1
Vega / Jamper / Buran,2021-08,4,0.040721,1964.63,1,1
Vega / Jamper / Buran,2021-09,3,0.013520,661.29,1,1
VenusLocker,2016-07,1,0.001465,0.99,1,1
VenusLocker,2016-12,1,1.000000,933.20,1,2
VenusLocker,2017-01,1,1.000000,899.07,1,2
VenusLocker,2017-02,5,4.800000,4922.01,1,2
Vevolocker,2017-11,2,0.015114,109.59,1,1
WannaCry,2017-03,2,0.365830,392.09,1,1
WannaCry,2017-04,9,2.586941,3032.92,1,1
WannaCry,2017-05,339,52.048604,93504.40,5,5
WannaCry,2017-06,18,1.279467,3505.08,4,5
WannaCry,2017-07,4,0.442359,1144.73,2,5
WannaCry,2017-08,1,0.090000,300.82,1,5
WannaCry,2017-09,5,1.376583,5552.36,2,5
WannaCry,2017-10,3,0.121823,628.90,2,5
WannaCry,2017-11,2,0.077120,621.16,1,5
WannaCry,2017-12,5,0.161273,2667.29,3,5
WannaCry,2018-01,6,0.094276,1219.45,2,5
WannaCry,2018-02,2,0.120000,1139.36,2,5
WannaCry,2018-04,1,0.000366,2.48,1,5
WannaCry,2018-05,3,0.117482,911.24,1,5
WannaCry,2018-06,1,0.000010,0.08,1,5
WannaCry,2018-07,1,0.001440,9.11,1,5
WannaCry,2018-10,1,0.045900,303.97,1,5
WannaCry,2018-12,4,0.222736,813.66,2,5
WannaCry,2019-01,1,0.002887,10.55,1,5
WannaCry,2019-03,1,0.000177,0.73,1,5
WannaCry,2019-04,5,0.058769,317.10,2,5
WannaCry,2019-05,2,0.000019,0.15,1,5
WannaCry,2019-07,2,0.051048,540.50,1,5
WannaCry,2019-08,2,0.000011,0.13,1,5
WannaCry,2019-09,3,0.065748,583.38,2,5
WannaCry,2019-10,4,0.000400,3.55,1,5
WannaCry,2019-11,9,0.045455,427.18,1,5
WannaCry,2019-12,13,0.001803,13.34,1,5
WannaCry,2020-01,5,0.000568,4.74,1,5
WannaCry,2020-02,5,0.000702,6.66,1,5
WannaCry,2020-03,3,0.000478,3.64,2,5
WannaCry,2020-04,2,0.025395,181.54,2,5
WannaCry,2020-05,5,0.000616,5.61,1,5
WannaCry,2020-06,3,0.000310,2.87,1,5
WannaCry,2020-07,10,0.012912,118.85,1,5
WannaCry,2020-08,8,0.028751,337.19,3,5
WannaCry,2020-09,9,0.085155,936.08,1,5
WannaCry,2020-10,9,0.023909,308.35,1,5
WannaCry,2020-11,5,0.037596,604.23,2,5
WannaCry,2020-12,2,0.000221,5.44,1,5
WannaCry,2021-01,3,0.001287,42.70,1,5
WannaCry,2021-02,2,0.000286,10.40,1,5
WannaCry,2021-05,1,0.007700,295.96,1,5
WannaCry,2021-06,1,0.000010,0.38,1,5
WannaCry,2021-07,1,0.000108,3.65,1,5
WannaCry,2021-09,1,0.000263,11.48,1,5
WannaRen,2020-04,2,0.000095,0.70,1,1
WannaSmile,2017-11,1,0.000014,0.09,1,1
XLocker,2017-05,1,1.000000,2443.64,1,1
XLockerv5.0,2017-01,3,3.000000,2705.12,1,1
XLockerv5.0,2017-02,2,6.000000,6197.70,1,1
XLockerv5.0,2017-03,2,3.000000,3668.54,1,2
Xorist,2017-05,1,0.102283,225.27,1,1
Xorist,2017-06,9,2.068890,5795.46,2,2
Xorist,2017-07,1,2.000000,5142.68,1,2
Xorist,2017-09,1,0.024044,101.68,1,3
XTPLocker,2016-10,4,7.000000,4442.67,1,1
